<?xml version="1.0" encoding="UTF-8"?>
<project-private xmlns="http://www.netbeans.org/ns/project-private/1">
    <editor-bookmarks xmlns="http://www.netbeans.org/ns/editor-bookmarks/2" lastBookmarkId="0"/>
    <open-files xmlns="http://www.netbeans.org/ns/projectui-open-files/2">
        <group>
            <file>file:/C:/wamp64/www/bookreta/index.php</file>
            <file>file:/C:/wamp64/www/bookreta/newProfile.php</file>
            <file>file:/C:/wamp64/www/bookreta/css/carousel_1.css</file>
            <file>file:/C:/wamp64/www/bookreta/recoverySms.php</file>
            <file>file:/C:/wamp64/www/bookreta/css/bootstrap.min.css</file>
            <file>file:/C:/wamp64/www/bookreta/order_details.php</file>
            <file>file:/C:/wamp64/www/bookreta/about_order.php</file>
        </group>
    </open-files>
</project-private>
