<?xml version="1.0" encoding="UTF-8"?>
<project-private xmlns="http://www.netbeans.org/ns/project-private/1">
    <editor-bookmarks xmlns="http://www.netbeans.org/ns/editor-bookmarks/2" lastBookmarkId="0"/>
    <open-files xmlns="http://www.netbeans.org/ns/projectui-open-files/2">
        <group>
            <file>file:/C:/wamp64/www/BookShare/UpdateAddress.php</file>
            <file>file:/C:/wamp64/www/BookShare/searchPage.php</file>
            <file>file:/C:/wamp64/www/BookShare/order.php</file>
            <file>file:/C:/wamp64/www/BookShare/SignUp_Backup.php</file>
            <file>file:/C:/wamp64/www/BookShare/settings.php</file>
            <file>file:/C:/wamp64/www/BookShare/gethint.php</file>
            <file>file:/C:/wamp64/www/BookShare/request_book.php</file>
            <file>file:/C:/wamp64/www/BookShare/newEmptyPHPWebPage.php</file>
            <file>file:/C:/wamp64/www/BookShare/newfilm.php</file>
            <file>file:/C:/wamp64/www/BookShare/Login.php</file>
            <file>file:/C:/wamp64/www/BookShare/index.php</file>
            <file>file:/C:/wamp64/www/BookShare/Database.php</file>
            <file>file:/C:/wamp64/www/BookShare/newProfile.php</file>
        </group>
    </open-files>
</project-private>
